source;target;pre_link;post_link
12925;2682;1;0
8295;2682;1;0
12939;2682;1;0
54376;2682;1;0
2688;2682;1;0
60719;2682;1;0
54391;2682;1;0
54392;2682;1;0
12924;2682;1;0
69531;2682;1;0
12936;2682;1;0
12948;2682;1;0
12932;2682;1;0
12937;2682;1;0
54393;2684;1;1
54389;2684;1;0
54365;2684;1;1
2703;2684;1;0
2698;2684;1;0
12923;2684;1;0
69278;2684;1;0
12930;2684;1;0
69531;2684;1;0
62161;2684;1;0
12933;2684;0;1
63112;2684;1;0
2687;2684;0;1
2705;2684;1;0
12938;2684;1;0
12943;2684;1;0
22692;2684;0;1
69531;2686;1;1
2693;2686;1;0
22692;2686;1;1
12924;2686;1;1
69278;2686;0;1
116508;2686;0;1
73991;2686;1;1
70492;2686;1;1
58364;2686;0;1
12932;2686;1;1
54393;2686;0;1
12925;2686;1;1
12948;2686;0;1
22693;2686;1;1
2695;2686;0;1
108863;2686;1;0
2698;2686;1;1
2705;2686;1;1
80349;2686;0;1
2697;2686;1;0
60719;2686;0;1
12948;2687;1;0
2693;2687;1;0
78976;2687;1;0
22692;2687;0;1
54381;2687;1;0
57200;2687;1;0
2684;2687;0;1
60797;2687;0;1
69278;2687;1;1
82263;2687;0;1
12925;2687;1;0
85782;2688;1;1
2682;2688;1;0
92805;2688;1;1
22695;2688;0;1
62161;2690;1;0
12930;2690;1;0
22692;2690;1;0
54384;2690;0;1
12935;2690;0;1
2698;2691;1;0
22695;2691;1;1
22693;2691;0;1
69278;2693;1;0
54381;2693;1;0
78976;2693;1;0
2686;2693;1;0
2687;2693;1;0
57200;2693;1;0
12948;2693;1;0
22692;2693;1;0
12951;2694;1;0
54388;2694;1;0
8924;2694;1;0
82263;2694;1;0
2686;2695;0;1
22693;2695;0;1
12932;2695;0;1
69531;2695;0;1
12931;2695;0;1
2705;2695;0;1
85423;2695;1;0
12922;2695;1;0
12924;2695;0;1
12925;2695;0;1
2698;2695;0;1
80349;2695;0;1
22695;2697;1;0
2703;2697;0;1
12933;2697;0;1
80349;2697;0;1
2686;2697;1;0
80349;2698;0;1
69531;2698;1;1
62161;2698;1;0
9542;2698;0;1
2705;2698;1;1
12938;2698;1;0
12943;2698;1;0
22695;2698;0;1
8924;2698;0;1
12930;2698;1;0
22693;2698;1;1
2691;2698;1;0
2686;2698;1;1
54365;2698;1;0
12924;2698;0;1
2684;2698;1;0
54389;2698;1;0
82263;2698;1;0
12923;2698;1;0
12932;2698;0;1
12925;2698;0;1
58364;2698;1;1
2695;2698;0;1
63112;2698;1;0
2703;2698;1;0
12931;2703;0;1
12933;2703;1;1
2697;2703;0;1
54389;2703;1;0
12938;2703;1;0
108863;2703;0;1
79804;2703;1;0
12930;2703;1;1
2705;2703;1;0
2684;2703;1;0
12923;2703;1;0
12922;2703;0;1
54365;2703;1;0
63112;2703;1;1
73991;2703;0;1
12943;2703;1;0
69531;2703;1;0
40078;2703;1;0
62161;2703;1;0
2698;2703;1;0
22692;2703;0;1
63112;2705;1;1
80349;2705;0;1
2698;2705;1;1
69531;2705;1;1
12932;2705;0;1
12931;2705;0;1
2686;2705;1;1
54389;2705;1;0
58364;2705;0;1
12924;2705;0;1
54365;2705;1;0
82263;2705;1;1
12925;2705;0;1
62161;2705;1;0
22693;2705;1;1
12930;2705;1;1
12943;2705;1;0
2695;2705;0;1
2684;2705;1;0
12938;2705;1;0
2703;2705;1;0
12923;2705;1;0
12933;2705;0;1
42894;4549;0;1
42870;4549;0;1
39072;4549;1;0
39055;8290;1;1
39058;8290;1;1
39071;8290;1;1
39063;8290;1;0
39074;8291;1;0
39062;8291;1;0
39075;8291;0;1
39068;8293;1;1
39045;8293;1;1
39063;8293;1;0
39057;8293;0;1
58541;8294;0;1
39047;8294;1;1
82083;8294;1;1
54377;8294;0;1
81867;8294;0;1
39060;8294;1;0
39048;8294;1;1
81867;8295;0;1
12948;8295;1;0
12925;8295;1;0
40069;8295;1;0
39070;8295;1;1
39065;8295;0;1
54368;8295;0;1
54391;8295;1;0
12936;8295;1;1
40071;8295;1;0
40085;8295;1;0
2682;8295;1;0
58541;8295;0;1
12945;8295;1;0
12937;8295;0;1
8909;8295;1;0
12939;8295;1;0
54372;8295;1;1
57200;8295;0;1
69531;8295;1;0
54392;8295;1;0
54376;8295;1;0
54370;8295;1;0
54394;8295;1;0
12931;8908;1;1
111483;8908;0;1
8914;8908;1;1
40062;8908;1;1
8912;8908;1;1
8910;8908;1;1
12929;8908;0;1
40074;8908;1;1
9781;8908;1;1
60797;8908;1;0
62161;8908;0;1
40086;8908;1;0
59662;8908;1;0
43126;8908;1;1
12930;8908;0;1
43123;8908;1;0
71126;8908;1;0
12925;8908;1;0
71889;8908;0;1
40071;8909;1;1
40065;8909;1;1
54376;8909;0;1
71132;8909;1;1
40066;8909;1;1
8916;8909;1;0
40064;8909;1;1
82823;8909;0;1
9780;8909;1;0
40080;8909;1;1
40072;8909;1;1
8295;8909;1;0
40069;8909;1;1
54379;8909;0;1
54372;8909;1;1
54370;8909;1;0
40085;8909;1;0
40074;8909;1;0
40068;8909;1;0
8914;8909;1;0
8908;8910;1;1
8923;8910;1;1
40068;8910;0;1
40062;8910;1;1
54384;8910;0;1
8914;8910;1;1
79804;8910;1;1
62161;8910;0;1
59662;8910;1;1
40078;8910;0;1
12934;8910;0;1
73991;8910;0;1
8922;8910;0;1
111483;8910;0;1
40086;8910;1;1
20522;8910;0;1
8912;8910;1;1
12931;8910;0;1
40074;8910;1;1
40069;8912;0;1
8914;8912;1;1
8924;8912;1;1
58429;8912;1;1
79664;8912;1;1
12951;8912;1;0
8910;8912;1;1
71889;8912;1;1
8917;8912;1;1
40062;8912;1;1
40083;8912;0;1
40073;8912;0;1
40074;8912;1;1
8908;8912;1;1
12937;8912;0;1
12930;8912;0;1
62161;8912;0;1
60797;8913;0;1
40079;8913;0;1
40074;8913;0;1
8914;8913;0;1
40066;8913;0;1
40059;8913;0;1
9780;8914;1;0
12931;8914;1;0
12929;8914;0;1
8912;8914;1;1
9781;8914;1;0
43127;8914;1;0
8916;8914;1;1
68096;8914;1;0
40070;8914;1;0
62161;8914;0;1
8910;8914;1;1
111483;8914;0;1
40074;8914;1;1
40062;8914;1;1
8908;8914;1;1
40068;8914;1;0
40066;8914;1;1
60797;8914;0;1
40079;8914;1;0
8913;8914;0;1
43126;8914;1;0
9777;8914;0;1
71132;8914;1;0
8909;8914;1;0
40079;8916;1;0
40074;8916;1;0
40066;8916;1;1
12931;8916;1;0
40080;8916;1;0
9781;8916;1;0
8909;8916;1;0
40065;8916;1;0
40071;8916;1;0
9780;8916;1;0
8914;8916;1;1
43127;8916;1;0
71132;8916;1;0
40083;8917;1;1
79804;8917;1;0
71889;8917;0;1
12934;8917;0;1
40068;8917;0;1
9781;8917;0;1
40062;8917;1;0
12923;8917;1;1
8922;8917;0;1
8912;8917;1;1
73991;8917;0;1
62161;8922;1;1
12923;8922;1;1
40068;8922;0;1
70411;8922;1;1
12934;8922;1;1
59662;8922;0;1
8924;8922;1;0
8923;8922;1;1
40083;8922;1;1
68096;8922;0;1
40063;8922;1;0
8917;8922;0;1
73991;8922;0;1
12930;8922;1;1
79664;8922;1;1
8910;8922;0;1
40070;8922;0;1
40086;8922;0;1
71889;8922;0;1
54384;8922;0;1
40073;8922;1;0
79804;8922;1;1
54384;8923;0;1
59662;8923;0;1
79804;8923;0;1
40086;8923;0;1
8922;8923;1;1
20522;8923;1;1
40068;8923;0;1
12930;8923;1;0
12934;8923;1;1
8910;8923;1;1
12921;8923;0;1
12951;8924;1;0
8922;8924;1;0
71889;8924;1;1
8912;8924;1;1
79664;8924;1;1
12923;8924;1;0
40069;8924;0;1
40073;8924;1;1
12930;8924;1;0
69531;8924;0;1
58429;8924;1;1
12937;8924;0;1
70411;8924;1;0
40083;8924;1;0
2698;8924;0;1
62161;8924;1;0
2694;8924;1;0
9542;9532;1;1
42875;9532;1;1
42865;9532;1;0
42893;9532;1;1
12951;9532;1;1
42878;9532;1;0
42887;9532;0;1
9541;9533;1;1
42866;9535;1;0
83580;9535;1;1
42897;9535;1;1
68223;9535;0;1
42893;9535;1;0
42874;9535;1;1
42895;9535;1;0
9542;9535;1;0
42879;9536;0;1
83578;9536;1;1
42894;9536;0;1
9541;9537;1;0
42866;9537;1;0
70430;9537;0;1
42874;9537;1;1
39075;9537;1;1
83580;9537;1;1
9538;9537;0;1
42897;9537;1;1
9539;9537;0;1
42886;9537;0;1
9542;9537;1;0
68223;9537;0;1
42893;9537;1;0
42885;9538;1;0
42886;9538;1;1
42888;9538;0;1
9539;9538;0;1
42884;9538;0;1
42868;9538;0;1
9537;9538;0;1
42874;9539;0;1
63462;9539;0;1
42886;9539;0;1
9537;9539;0;1
9538;9539;0;1
69637;9539;0;1
9533;9541;1;1
9537;9541;1;0
69531;9542;0;1
9537;9542;1;0
9535;9542;1;0
42875;9542;1;1
12951;9542;1;0
9532;9542;1;1
42893;9542;1;1
54365;9542;0;1
42895;9542;1;0
2698;9542;0;1
72308;9542;0;1
42873;9542;0;1
42865;9542;1;0
40074;9777;0;1
9781;9777;1;0
12929;9777;0;1
9779;9777;1;1
9780;9777;1;0
8914;9777;0;1
20522;9777;0;1
43123;9777;0;1
43121;9777;0;1
43126;9779;1;0
40074;9779;0;1
20522;9779;0;1
9777;9779;1;1
9781;9779;1;0
40079;9779;1;0
9780;9779;1;0
8914;9780;1;0
8916;9780;1;0
12931;9780;1;0
43127;9780;1;0
40074;9780;1;0
71132;9780;1;0
9781;9780;1;0
9777;9780;1;0
8909;9780;1;0
40066;9780;1;0
9779;9780;1;0
78976;9781;1;1
43126;9781;1;1
43127;9781;1;0
71126;9781;1;0
9780;9781;1;0
12931;9781;1;1
8914;9781;1;0
43123;9781;1;1
9779;9781;1;0
12923;9781;0;1
12948;9781;1;0
40074;9781;1;0
8908;9781;1;1
8916;9781;1;0
12925;9781;1;0
54384;9781;0;1
9777;9781;1;0
40079;9781;1;0
8917;9781;0;1
58364;12921;1;0
79804;12921;1;0
12935;12921;0;1
8923;12921;0;1
12931;12921;1;1
2703;12922;0;1
85423;12922;1;1
54386;12922;0;1
12946;12922;0;1
2695;12922;1;0
12934;12923;1;1
9781;12923;0;1
43123;12923;0;1
12932;12923;1;0
12930;12923;1;1
8922;12923;1;1
78976;12923;1;1
70492;12923;1;1
2684;12923;1;0
40062;12923;1;0
8924;12923;1;0
63112;12923;1;1
62161;12923;1;0
79804;12923;1;1
54365;12923;1;0
2698;12923;1;0
82263;12923;1;1
73991;12923;0;1
8917;12923;1;1
2703;12923;1;0
60797;12923;0;1
40068;12923;0;1
2705;12923;1;0
54384;12923;0;1
12931;12923;0;1
12935;12923;0;1
54390;12923;0;1
40083;12923;1;1
12938;12923;1;1
54389;12923;1;0
79664;12923;1;0
43126;12923;0;1
54393;12923;0;1
12943;12923;1;0
12948;12923;1;0
54364;12923;0;1
69531;12923;1;0
12925;12924;1;1
12932;12924;1;1
2682;12924;1;0
12929;12924;1;1
80349;12924;0;1
69531;12924;0;1
2686;12924;1;1
71126;12924;0;1
54393;12924;1;1
12948;12924;1;1
78976;12924;0;1
70492;12924;1;1
2695;12924;0;1
2705;12924;0;1
12926;12924;1;0
2698;12924;0;1
54364;12924;1;1
22693;12924;0;1
12934;12924;0;1
71126;12925;1;1
12937;12925;1;1
2686;12925;1;1
12924;12925;1;1
78976;12925;1;1
2698;12925;0;1
54364;12925;1;1
54368;12925;1;1
60719;12925;1;1
43126;12925;1;0
54392;12925;1;0
54376;12925;1;0
73834;12925;0;1
54391;12925;1;0
12929;12925;1;1
43123;12925;1;0
2705;12925;0;1
9781;12925;1;0
12932;12925;1;1
69531;12925;1;1
12939;12925;1;0
54393;12925;0;1
12948;12925;1;1
2682;12925;1;0
12936;12925;1;1
70492;12925;0;1
2695;12925;0;1
2687;12925;1;0
82797;12925;0;1
54370;12925;0;1
8295;12925;1;0
8908;12925;1;0
80349;12925;0;1
22693;12925;0;1
12948;12926;1;1
12928;12926;0;1
12932;12926;1;0
12924;12926;1;0
54390;12926;0;1
12937;12926;1;0
54393;12926;1;1
54378;12926;1;0
12948;12928;0;1
54390;12928;0;1
12932;12928;0;1
54393;12928;0;1
12939;12928;0;1
12926;12928;0;1
12948;12929;1;1
12925;12929;1;1
12924;12929;1;1
12934;12929;1;1
8908;12929;0;1
71126;12929;1;1
12931;12929;0;1
54364;12929;1;1
54393;12929;1;1
78976;12929;1;0
12932;12929;1;0
70492;12929;0;1
9777;12929;0;1
8914;12929;0;1
40074;12929;0;1
12923;12930;1;1
63112;12930;1;1
8922;12930;1;1
62161;12930;1;1
54365;12930;1;0
79804;12930;1;1
2684;12930;1;0
12943;12930;1;0
40062;12930;1;0
54389;12930;1;0
71889;12930;0;1
2703;12930;1;1
12933;12930;1;1
8912;12930;0;1
12938;12930;1;0
40074;12930;0;1
8924;12930;1;0
2705;12930;1;1
69531;12930;1;1
2690;12930;1;0
12934;12930;1;0
8923;12930;1;0
8908;12930;0;1
12931;12930;0;1
2698;12930;1;0
12934;12931;1;1
9781;12931;1;1
43123;12931;0;1
8916;12931;1;0
2705;12931;0;1
12935;12931;1;1
54384;12931;0;1
78976;12931;0;1
8908;12931;1;1
43127;12931;1;0
12929;12931;0;1
40062;12931;0;1
12921;12931;1;1
9780;12931;1;0
43126;12931;1;1
40074;12931;1;0
79804;12931;0;1
2703;12931;0;1
8910;12931;0;1
8914;12931;1;0
71126;12931;0;1
2695;12931;0;1
54364;12931;1;1
12930;12931;0;1
12923;12931;0;1
58364;12931;1;0
12924;12932;1;1
12923;12932;1;0
69531;12932;0;1
2686;12932;1;1
12925;12932;1;1
70492;12932;1;1
54364;12932;1;1
54393;12932;1;1
71126;12932;0;1
12926;12932;1;0
12948;12932;1;1
12928;12932;0;1
58364;12932;0;1
80349;12932;0;1
2695;12932;0;1
2705;12932;0;1
54390;12932;0;1
2682;12932;1;0
22693;12932;0;1
78976;12932;0;1
2698;12932;0;1
12929;12932;1;0
20522;12933;0;1
54365;12933;0;1
54382;12933;0;1
108863;12933;0;1
2697;12933;0;1
2684;12933;0;1
2703;12933;1;1
2705;12933;0;1
73991;12933;0;1
12938;12933;1;0
40078;12933;1;0
12930;12933;1;1
69531;12933;0;1
12923;12934;1;1
12931;12934;1;1
12935;12934;0;1
73991;12934;0;1
40086;12934;0;1
54364;12934;1;1
12929;12934;1;1
54384;12934;1;1
8922;12934;1;1
8910;12934;0;1
8923;12934;1;1
59662;12934;0;1
78976;12934;1;0
79804;12934;0;1
63112;12934;0;1
40083;12934;0;1
40068;12934;0;1
8917;12934;0;1
12924;12934;0;1
71126;12934;0;1
12948;12934;1;0
54393;12934;1;0
12930;12934;1;0
20522;12934;0;1
12921;12935;0;1
79804;12935;0;1
54384;12935;0;1
12923;12935;0;1
12931;12935;1;1
63112;12935;0;1
58364;12935;0;1
12934;12935;0;1
2690;12935;0;1
54380;12935;1;0
69531;12935;1;0
39070;12936;0;1
12939;12936;1;1
8295;12936;1;1
57200;12936;1;1
12948;12936;1;0
54394;12936;1;0
60719;12936;1;1
73834;12936;0;1
12925;12936;1;1
54391;12936;1;0
54368;12936;0;1
54370;12936;1;1
12937;12936;1;1
39065;12936;0;1
12945;12936;1;0
2682;12936;1;0
54372;12936;0;1
54376;12936;1;0
54381;12936;1;0
69531;12936;1;0
54391;12937;1;0
54376;12937;1;0
12948;12937;1;0
81867;12937;0;1
12925;12937;1;1
60719;12937;1;1
69531;12937;1;0
54370;12937;0;1
54368;12937;1;1
12939;12937;1;1
73834;12937;1;1
82797;12937;1;1
2682;12937;1;0
8295;12937;0;1
8924;12937;0;1
12936;12937;1;1
12926;12937;1;0
8912;12937;0;1
57200;12937;0;1
40069;12937;0;1
54365;12938;1;0
12933;12938;1;0
12943;12938;1;0
12923;12938;1;1
2703;12938;1;0
12930;12938;1;0
79804;12938;1;0
54389;12938;1;1
62161;12938;1;0
2698;12938;1;0
2705;12938;1;0
69531;12938;1;0
2684;12938;1;0
69531;12939;1;0
54376;12939;1;0
12945;12939;1;1
12948;12939;1;1
60719;12939;1;1
12937;12939;1;1
12925;12939;1;0
2682;12939;1;0
12936;12939;1;1
54392;12939;1;0
54391;12939;1;0
71025;12939;1;1
8295;12939;1;0
12928;12939;0;1
54393;12939;0;1
54371;12940;1;1
54377;12940;1;0
54385;12940;1;1
12943;12941;1;1
54388;12941;0;1
63112;12941;0;1
12923;12943;1;0
2703;12943;1;0
54389;12943;1;0
2705;12943;1;0
12938;12943;1;0
12941;12943;1;1
42884;12943;0;1
62161;12943;1;0
2684;12943;1;0
54365;12943;1;0
69531;12943;1;0
63112;12943;1;0
12930;12943;1;0
2698;12943;1;0
54370;12945;0;1
71025;12945;1;1
12939;12945;1;1
8295;12945;1;0
60719;12945;0;1
12936;12945;1;0
12948;12945;1;0
54386;12946;1;1
12951;12946;1;1
85423;12946;0;1
12922;12946;0;1
12929;12948;1;1
54368;12948;0;1
54364;12948;1;1
12926;12948;1;1
2693;12948;1;0
12939;12948;1;1
8295;12948;1;0
12932;12948;1;1
12934;12948;1;0
12925;12948;1;1
12923;12948;1;0
2687;12948;1;0
54376;12948;1;0
42882;12948;1;0
78976;12948;1;1
12928;12948;0;1
12937;12948;1;0
12924;12948;1;1
54390;12948;0;1
54392;12948;1;0
57200;12948;1;0
9781;12948;1;0
40071;12948;1;0
43126;12948;1;0
54372;12948;1;0
54391;12948;1;0
69531;12948;1;1
70492;12948;1;1
12945;12948;1;0
2686;12948;0;1
2682;12948;1;0
60719;12948;1;0
12936;12948;1;0
69278;12948;1;0
40085;12948;1;0
20522;12948;0;1
71126;12948;0;1
40069;12948;1;0
54381;12948;1;0
8924;12951;1;0
42893;12951;1;0
8912;12951;1;0
2694;12951;1;0
79664;12951;1;0
12946;12951;1;1
9532;12951;1;1
9542;12951;1;0
40068;20522;0;1
12933;20522;0;1
8923;20522;1;1
59662;20522;0;1
9779;20522;0;1
8910;20522;0;1
54365;20522;0;1
12934;20522;0;1
40086;20522;0;1
54393;20522;0;1
12948;20522;0;1
9777;20522;0;1
69278;22692;1;1
116508;22692;0;1
85782;22692;1;1
2703;22692;0;1
2686;22692;1;1
2684;22692;0;1
2693;22692;1;0
62161;22692;1;0
2687;22692;0;1
2690;22692;1;0
2698;22693;1;1
2695;22693;0;1
2705;22693;1;1
2691;22693;0;1
2686;22693;1;1
80349;22693;0;1
12925;22693;0;1
92805;22693;0;1
69531;22693;1;1
12932;22693;0;1
22695;22693;0;1
12924;22693;0;1
22693;22695;0;1
2698;22695;0;1
2688;22695;0;1
2697;22695;1;0
2691;22695;1;1
108863;22695;1;0
42877;36110;1;1
42872;36110;1;1
42894;36110;1;1
39050;36110;0;1
42873;36110;0;1
42878;36110;0;1
42891;36110;0;1
8293;39045;1;1
39068;39045;1;1
39061;39045;1;1
39052;39045;1;1
39070;39045;0;1
39075;39046;1;1
82083;39047;1;1
8294;39047;1;1
39053;39047;0;1
39051;39047;0;1
39071;39047;0;1
81867;39047;0;1
42876;39047;1;0
39077;39047;0;1
8294;39048;1;1
39060;39048;1;0
39056;39049;1;1
39069;39049;1;1
39066;39049;0;1
39070;39049;0;1
39078;39049;0;1
59063;39049;0;1
39057;39049;0;1
42891;39050;0;1
42878;39050;0;1
36110;39050;0;1
42877;39050;0;1
42872;39050;1;0
42873;39050;0;1
39053;39051;1;1
39069;39051;1;0
39077;39051;1;1
82164;39051;0;1
39047;39051;0;1
39069;39052;0;1
39056;39052;0;1
59063;39052;0;1
39045;39052;1;1
39078;39052;0;1
39077;39052;1;0
39077;39053;1;1
39051;39053;1;1
81867;39053;0;1
39047;39053;0;1
82164;39053;0;1
63462;39054;0;1
39063;39055;1;0
8290;39055;1;1
84346;39055;0;1
59063;39056;0;1
39078;39056;1;1
39069;39056;1;1
39074;39056;0;1
39049;39056;1;1
39057;39056;0;1
39052;39056;0;1
39066;39056;0;1
39066;39057;0;1
39056;39057;0;1
39068;39057;0;1
39078;39057;1;1
8293;39057;0;1
39049;39057;0;1
39072;39057;1;0
39071;39058;1;1
39073;39058;1;1
8290;39058;1;1
39075;39060;1;0
39048;39060;1;0
39067;39060;1;0
8294;39060;1;0
58541;39060;1;0
39045;39061;1;1
39068;39061;0;1
39078;39062;0;1
39074;39062;1;0
8291;39062;1;0
84346;39063;0;1
8293;39063;1;0
39073;39063;0;1
42872;39063;0;1
39055;39063;1;0
8290;39063;1;0
39068;39063;1;0
39070;39065;0;1
12936;39065;0;1
54368;39065;0;1
8295;39065;0;1
39078;39066;0;1
39049;39066;0;1
39056;39066;0;1
39067;39066;1;1
39057;39066;0;1
39060;39067;1;0
39066;39067;1;1
8293;39068;1;1
39045;39068;1;1
39063;39068;1;0
39057;39068;0;1
39061;39068;0;1
39070;39068;0;1
39077;39068;0;1
39056;39069;1;1
39052;39069;0;1
59063;39069;0;1
39051;39069;1;0
39078;39069;0;1
42871;39069;1;0
39070;39069;0;1
39049;39069;1;1
42881;39069;1;0
12936;39070;0;1
54368;39070;0;1
8295;39070;1;1
39065;39070;0;1
39068;39070;0;1
39045;39070;0;1
39069;39070;0;1
39049;39070;0;1
39047;39071;0;1
39058;39071;1;1
39079;39071;0;1
8290;39071;1;1
39057;39072;1;0
42877;39072;1;0
4549;39072;1;0
42872;39072;1;0
39058;39073;1;1
39063;39073;0;1
39062;39074;1;0
39056;39074;0;1
8291;39074;1;0
39078;39074;0;1
70430;39075;0;1
9537;39075;1;1
39046;39075;1;1
8291;39075;0;1
39060;39075;1;0
39047;39077;0;1
39053;39077;1;1
39051;39077;1;1
39068;39077;0;1
39052;39077;1;0
39069;39078;0;1
39049;39078;0;1
39066;39078;0;1
39056;39078;1;1
39074;39078;0;1
39057;39078;1;1
39062;39078;0;1
39052;39078;0;1
39071;39079;0;1
8913;40059;0;1
40080;40059;1;0
40081;40060;1;0
8910;40062;1;1
40078;40062;0;1
40074;40062;1;1
111483;40062;0;1
8908;40062;1;1
62161;40062;0;1
8914;40062;1;1
12931;40062;0;1
8912;40062;1;1
8917;40062;1;0
73991;40062;0;1
12930;40062;1;0
12923;40062;1;0
8922;40063;1;0
79664;40063;1;1
40073;40063;0;1
40080;40064;1;1
40071;40064;1;1
40069;40064;1;1
54372;40064;1;1
40066;40064;1;1
40072;40064;1;1
8909;40064;1;1
40065;40064;1;1
54379;40064;1;1
63462;40064;1;0
54376;40064;1;1
57200;40064;0;1
82823;40064;1;1
54392;40064;1;0
8909;40065;1;1
40068;40065;1;0
40064;40065;1;1
54379;40065;0;1
54372;40065;0;1
40080;40065;1;1
40072;40065;1;1
40066;40065;1;1
40069;40065;1;1
40071;40065;1;1
71132;40065;0;1
8916;40065;1;0
82823;40065;0;1
54376;40065;0;1
40085;40065;1;0
40064;40066;1;1
8916;40066;1;1
8909;40066;1;1
40080;40066;1;0
71132;40066;1;1
40072;40066;0;1
8914;40066;1;1
40065;40066;1;1
40074;40066;1;1
54372;40066;1;0
60797;40066;0;1
40071;40066;1;0
54376;40066;1;0
40069;40066;1;0
9780;40066;1;0
40085;40066;1;0
8913;40066;0;1
84786;40067;0;1
81356;40067;0;1
40073;40067;0;1
55441;40067;0;1
40083;40068;0;1
40070;40068;1;1
40074;40068;1;0
68096;40068;1;1
8910;40068;0;1
8914;40068;1;0
40081;40068;1;0
8922;40068;0;1
73991;40068;0;1
59662;40068;0;1
40086;40068;0;1
40082;40068;1;1
20522;40068;0;1
8923;40068;0;1
61131;40068;0;1
40071;40068;1;0
12934;40068;0;1
12923;40068;0;1
70411;40068;0;1
8917;40068;0;1
40065;40068;1;0
8909;40068;1;0
54372;40069;1;1
40071;40069;1;1
54391;40069;1;1
54376;40069;1;0
82823;40069;1;1
40064;40069;1;1
40085;40069;1;1
8909;40069;1;1
8295;40069;1;0
40065;40069;1;1
12937;40069;0;1
8912;40069;0;1
54370;40069;1;0
12948;40069;1;0
79664;40069;1;0
63462;40069;1;0
40072;40069;1;1
40066;40069;1;0
54379;40069;0;1
8924;40069;0;1
68096;40070;1;1
8914;40070;1;0
40086;40070;0;1
40068;40070;1;1
40074;40070;1;0
43121;40070;1;0
59662;40070;0;1
61131;40070;0;1
40082;40070;1;1
8922;40070;0;1
54372;40071;1;1
40072;40071;1;1
8916;40071;1;0
82823;40071;1;1
54379;40071;0;1
40085;40071;1;1
12948;40071;1;0
54391;40071;1;1
8295;40071;1;0
54376;40071;1;0
40065;40071;1;1
40064;40071;1;1
8909;40071;1;1
40069;40071;1;1
40066;40071;1;0
63462;40071;1;0
40080;40071;1;0
79664;40071;1;0
40068;40071;1;0
54370;40071;1;0
40064;40072;1;1
40071;40072;1;1
82823;40072;1;1
8909;40072;1;1
54372;40072;1;1
40065;40072;1;1
54376;40072;0;1
40069;40072;1;1
54379;40072;1;1
54392;40072;1;0
57200;40072;0;1
40066;40072;0;1
8924;40073;1;1
79664;40073;1;1
8922;40073;1;0
8912;40073;0;1
40083;40073;1;0
40063;40073;0;1
70411;40073;1;0
40067;40073;0;1
55441;40073;0;1
40084;40073;0;1
81356;40073;0;1
84786;40073;0;1
71889;40074;0;1
40079;40074;1;1
60797;40074;0;1
8913;40074;0;1
68096;40074;1;0
40068;40074;1;0
9780;40074;1;0
9777;40074;0;1
8914;40074;1;1
8908;40074;1;1
43127;40074;1;0
12931;40074;1;0
40066;40074;1;1
8912;40074;1;1
12929;40074;0;1
62161;40074;0;1
40070;40074;1;0
40062;40074;1;1
8909;40074;1;0
8916;40074;1;0
12930;40074;0;1
8910;40074;1;1
71132;40074;1;0
43126;40074;1;0
9779;40074;0;1
9781;40074;1;0
2703;40078;1;0
73991;40078;0;1
8910;40078;0;1
40062;40078;0;1
12933;40078;1;0
40074;40079;1;1
9781;40079;1;0
40080;40079;0;1
8913;40079;0;1
8916;40079;1;0
8914;40079;1;0
9779;40079;1;0
40065;40080;1;1
8916;40080;1;0
40066;40080;1;0
40064;40080;1;1
8909;40080;1;1
40082;40080;0;1
40079;40080;0;1
40059;40080;1;0
40071;40080;1;0
40068;40081;1;0
40060;40081;1;0
40068;40082;1;1
40080;40082;0;1
68096;40082;0;1
40070;40082;1;1
40073;40083;1;0
8922;40083;1;1
79664;40083;1;1
8917;40083;1;1
40068;40083;0;1
71889;40083;0;1
62161;40083;1;0
73991;40083;0;1
70411;40083;1;1
12923;40083;1;1
12934;40083;0;1
8924;40083;1;0
8912;40083;0;1
84786;40084;0;1
81356;40084;0;1
55441;40084;0;1
40073;40084;0;1
40071;40085;1;1
40065;40085;1;0
54372;40085;1;1
40069;40085;1;1
54391;40085;1;1
12948;40085;1;0
8295;40085;1;0
40066;40085;1;0
8909;40085;1;0
8910;40086;1;1
59662;40086;1;1
40068;40086;0;1
20522;40086;0;1
40070;40086;0;1
8908;40086;1;0
8922;40086;0;1
8923;40086;0;1
12934;40086;0;1
42889;42865;0;1
42895;42865;1;0
42875;42865;1;1
42884;42865;1;0
84346;42865;0;1
42873;42865;0;1
9542;42865;1;0
9532;42865;1;0
72308;42865;0;1
9537;42866;1;0
9535;42866;1;0
42897;42866;1;0
42874;42866;1;0
42888;42868;1;1
42886;42868;1;1
9538;42868;0;1
42884;42868;0;1
42894;42870;1;1
42901;42870;1;1
42879;42870;1;1
4549;42870;0;1
42875;42870;1;0
42872;42870;1;0
42901;42871;1;0
42881;42871;1;0
42873;42871;1;1
39069;42871;1;0
42879;42872;1;1
42895;42872;1;1
39072;42872;1;0
42889;42872;1;1
42894;42872;1;1
42877;42872;1;1
36110;42872;1;1
39063;42872;0;1
42870;42872;1;0
39050;42872;1;0
84346;42872;0;1
42901;42872;1;0
42881;42873;1;0
36110;42873;0;1
42871;42873;1;1
42865;42873;0;1
42891;42873;0;1
42878;42873;0;1
84346;42873;0;1
9542;42873;0;1
39050;42873;0;1
42877;42873;0;1
9537;42874;1;1
9535;42874;1;1
42885;42874;1;0
42887;42874;1;0
42886;42874;1;1
42884;42874;1;1
9539;42874;0;1
42897;42874;1;1
42866;42874;1;0
9532;42875;1;1
72308;42875;1;1
9542;42875;1;1
42889;42875;1;0
42895;42875;1;0
42893;42875;1;1
42894;42875;1;0
42865;42875;1;1
83580;42875;0;1
42870;42875;1;0
39047;42876;1;0
42894;42877;1;1
42901;42877;1;0
42878;42877;0;1
42872;42877;1;1
42879;42877;1;1
42889;42877;1;0
36110;42877;1;1
39072;42877;1;0
83578;42877;0;1
39050;42877;0;1
42873;42877;0;1
42891;42877;0;1
42891;42878;0;1
42873;42878;0;1
39050;42878;0;1
9532;42878;1;0
42893;42878;1;0
42877;42878;0;1
42881;42878;0;1
36110;42878;0;1
42877;42879;1;1
42872;42879;1;1
42894;42879;1;1
83578;42879;1;1
9536;42879;0;1
42901;42879;1;0
42870;42879;1;1
42895;42879;1;0
42871;42881;1;0
42890;42881;0;1
42873;42881;1;0
39069;42881;1;0
42901;42881;1;0
42892;42881;0;1
42878;42881;0;1
12948;42882;1;0
83578;42883;0;1
42886;42883;1;0
42886;42884;1;1
9538;42884;0;1
42888;42884;0;1
42874;42884;1;1
42865;42884;1;0
42868;42884;0;1
12943;42884;0;1
42887;42884;1;0
9538;42885;1;0
42886;42885;1;0
42874;42885;1;0
9538;42886;1;1
9537;42886;0;1
42888;42886;1;1
42868;42886;1;1
42885;42886;1;0
42884;42886;1;1
42887;42886;1;1
9539;42886;0;1
42883;42886;1;0
42874;42886;1;1
42886;42887;1;1
9532;42887;0;1
42884;42887;1;0
42874;42887;1;0
9538;42888;0;1
42884;42888;0;1
42886;42888;1;1
42868;42888;1;1
42872;42889;1;1
42877;42889;1;0
42865;42889;0;1
42895;42889;1;0
42875;42889;1;0
42894;42889;1;0
42881;42890;0;1
39050;42891;0;1
42877;42891;0;1
42897;42891;1;1
42892;42891;1;0
42878;42891;0;1
36110;42891;0;1
42873;42891;0;1
42891;42892;1;0
42881;42892;0;1
9532;42893;1;1
9542;42893;1;1
42878;42893;1;0
42875;42893;1;1
12951;42893;1;0
9535;42893;1;0
9537;42893;1;0
36110;42894;1;1
42870;42894;1;1
42901;42894;1;1
42872;42894;1;1
42877;42894;1;1
42879;42894;1;1
42875;42894;1;0
9536;42894;0;1
42889;42894;1;0
4549;42894;0;1
42872;42895;1;1
42889;42895;1;0
9542;42895;1;0
42875;42895;1;0
42879;42895;1;0
42865;42895;1;0
9535;42895;1;0
42898;42896;1;1
9537;42897;1;1
42874;42897;1;1
42891;42897;1;1
42866;42897;1;0
9535;42897;1;1
42896;42898;1;1
42894;42901;1;1
42870;42901;1;1
42879;42901;1;0
42871;42901;1;0
42877;42901;1;0
42872;42901;1;0
42881;42901;1;0
43124;43119;0;1
43122;43120;1;1
43121;43120;0;1
40070;43121;1;0
43120;43121;0;1
9777;43121;0;1
43123;43121;0;1
43122;43121;0;1
43120;43122;1;1
43124;43122;1;0
43121;43122;0;1
12925;43123;1;0
12923;43123;0;1
43126;43123;1;1
9777;43123;0;1
9781;43123;1;1
54384;43123;0;1
8908;43123;1;0
43121;43123;0;1
71126;43123;1;0
12931;43123;0;1
43125;43124;0;1
43122;43124;1;0
43119;43124;0;1
43124;43125;0;1
9781;43126;1;1
9779;43126;1;0
43123;43126;1;1
12931;43126;1;1
71126;43126;1;0
8908;43126;1;1
12925;43126;1;0
8914;43126;1;0
54384;43126;0;1
12948;43126;1;0
12923;43126;0;1
40074;43126;1;0
12931;43127;1;0
9781;43127;1;0
9780;43127;1;0
8914;43127;1;0
40074;43127;1;0
8916;43127;1;0
12934;54364;1;1
12929;54364;1;1
12925;54364;1;1
78976;54364;1;1
12948;54364;1;1
12924;54364;1;1
71126;54364;1;1
54393;54364;1;1
12923;54364;0;1
12931;54364;1;1
54384;54364;0;1
54390;54364;0;1
12932;54364;1;1
12930;54365;1;0
2705;54365;1;0
12943;54365;1;0
9542;54365;0;1
12933;54365;0;1
2698;54365;1;0
2684;54365;1;1
12923;54365;1;0
63112;54365;1;0
2703;54365;1;0
12938;54365;1;0
69531;54365;1;1
54389;54365;1;0
82263;54365;1;0
62161;54365;1;0
20522;54365;0;1
54387;54367;1;1
54389;54367;1;1
54388;54367;0;1
12936;54368;0;1
8295;54368;0;1
12937;54368;1;1
73834;54368;0;1
39070;54368;0;1
39065;54368;0;1
60719;54368;0;1
12925;54368;1;1
12948;54368;0;1
54379;54368;0;1
40071;54370;1;0
12936;54370;1;1
60719;54370;1;1
12937;54370;0;1
40069;54370;1;0
71025;54370;0;1
12945;54370;0;1
54372;54370;1;0
8909;54370;1;0
12925;54370;0;1
57200;54370;0;1
8295;54370;1;0
54385;54371;1;1
12940;54371;1;1
54377;54371;1;0
40069;54372;1;1
54392;54372;1;1
40085;54372;1;1
40064;54372;1;1
54379;54372;1;1
40065;54372;0;1
8295;54372;1;1
40071;54372;1;1
82823;54372;1;1
54391;54372;1;1
40072;54372;1;1
8909;54372;1;1
54376;54372;1;1
63462;54372;1;1
40066;54372;1;0
12948;54372;1;0
54370;54372;1;0
12936;54372;0;1
57200;54372;0;1
72190;54372;0;1
54377;54372;0;1
54372;54376;1;1
40069;54376;1;0
54379;54376;1;1
8295;54376;1;0
8909;54376;0;1
12939;54376;1;0
69531;54376;1;0
40066;54376;1;0
12948;54376;1;0
40065;54376;0;1
40064;54376;1;1
2682;54376;1;0
12936;54376;1;0
12925;54376;1;0
60719;54376;1;0
63462;54376;1;0
54391;54376;1;0
12937;54376;1;0
40072;54376;0;1
40071;54376;1;0
54392;54376;1;0
54392;54377;0;1
12940;54377;1;0
82083;54377;0;1
72190;54377;1;1
57200;54377;1;1
54371;54377;1;0
8294;54377;0;1
54379;54377;0;1
54372;54377;0;1
12926;54378;1;0
54376;54379;1;1
40069;54379;0;1
40064;54379;1;1
54372;54379;1;1
40072;54379;1;1
8909;54379;0;1
54368;54379;0;1
54392;54379;0;1
72190;54379;0;1
40065;54379;0;1
82823;54379;0;1
54377;54379;0;1
40071;54379;0;1
73834;54379;0;1
12935;54380;1;0
12948;54381;1;0
57200;54381;1;0
78976;54381;1;0
2693;54381;1;0
2687;54381;1;0
12936;54381;1;0
69278;54381;1;0
12933;54382;0;1
54364;54384;0;1
12934;54384;1;1
43123;54384;0;1
12923;54384;0;1
12935;54384;0;1
8923;54384;0;1
43126;54384;0;1
8922;54384;0;1
79804;54384;0;1
78976;54384;0;1
8910;54384;0;1
12931;54384;0;1
2690;54384;0;1
82263;54384;0;1
9781;54384;0;1
54371;54385;1;1
12940;54385;1;1
85423;54386;0;1
12946;54386;1;1
12922;54386;0;1
54367;54387;1;1
54389;54387;1;1
54367;54388;0;1
12941;54388;0;1
78542;54388;1;1
2694;54388;1;0
54387;54389;1;1
54367;54389;1;1
2705;54389;1;0
85423;54389;1;0
12938;54389;1;1
62161;54389;1;0
2698;54389;1;0
12930;54389;1;0
69531;54389;1;0
54365;54389;1;0
63112;54389;1;1
2703;54389;1;0
12923;54389;1;0
2684;54389;1;0
12943;54389;1;0
54393;54390;1;1
12948;54390;0;1
12928;54390;0;1
54364;54390;0;1
12932;54390;0;1
12923;54390;0;1
78976;54390;0;1
12926;54390;0;1
54392;54391;1;0
40085;54391;1;1
12939;54391;1;0
54372;54391;1;1
40069;54391;1;1
82823;54391;1;1
40071;54391;1;1
60719;54391;1;0
8295;54391;1;0
54376;54391;1;0
12925;54391;1;0
2682;54391;1;0
12948;54391;1;0
12936;54391;1;0
69531;54391;1;0
12937;54391;1;0
12939;54392;1;0
12925;54392;1;0
8295;54392;1;0
54376;54392;1;0
72190;54392;0;1
54377;54392;0;1
54391;54392;1;0
54379;54392;0;1
40072;54392;1;0
69531;54392;1;0
54372;54392;1;1
2682;54392;1;0
12948;54392;1;0
40064;54392;1;0
12926;54393;1;1
54390;54393;1;1
12932;54393;1;1
70492;54393;1;1
12925;54393;0;1
69531;54393;0;1
2686;54393;0;1
54364;54393;1;1
12929;54393;1;1
12928;54393;0;1
12924;54393;1;1
2684;54393;1;1
12939;54393;0;1
20522;54393;0;1
12934;54393;1;0
78976;54393;1;0
12923;54393;0;1
12936;54394;1;0
8295;54394;1;0
57200;54394;1;0
79486;54755;0;1
40084;55441;0;1
40067;55441;0;1
81356;55441;0;1
40073;55441;0;1
12936;57200;1;1
54377;57200;1;1
40064;57200;0;1
54370;57200;0;1
54381;57200;1;0
72190;57200;1;1
54394;57200;1;0
40072;57200;0;1
8295;57200;0;1
54372;57200;0;1
12948;57200;1;0
60719;57200;0;1
69278;57200;1;0
78976;57200;1;0
12937;57200;0;1
2693;57200;1;0
2687;57200;1;0
2705;58364;0;1
2698;58364;1;1
12921;58364;1;0
2686;58364;0;1
12935;58364;0;1
12932;58364;0;1
79804;58364;0;1
12931;58364;1;0
8912;58429;1;1
71889;58429;1;0
8924;58429;1;1
79664;58429;0;1
82083;58541;0;1
8295;58541;0;1
8294;58541;0;1
81867;58541;0;1
39060;58541;1;0
39049;59063;0;1
39069;59063;0;1
39052;59063;0;1
39056;59063;0;1
40086;59662;1;1
8910;59662;1;1
8923;59662;0;1
20522;59662;0;1
40070;59662;0;1
40068;59662;0;1
8908;59662;1;0
12934;59662;0;1
8922;59662;0;1
12939;60719;1;1
12925;60719;1;1
2686;60719;0;1
57200;60719;0;1
12936;60719;1;1
54370;60719;1;1
54376;60719;1;0
12945;60719;0;1
54368;60719;0;1
12937;60719;1;1
12948;60719;1;0
73834;60719;0;1
69531;60719;1;0
71025;60719;0;1
54391;60719;1;0
2682;60719;1;0
40074;60797;0;1
12923;60797;0;1
80349;60797;1;0
40066;60797;0;1
69531;60797;1;0
2687;60797;0;1
8914;60797;0;1
8908;60797;1;0
8913;60797;0;1
40068;61131;0;1
40070;61131;0;1
40062;62161;0;1
8910;62161;0;1
12930;62161;1;1
71889;62161;0;1
2690;62161;1;0
12943;62161;1;0
8914;62161;0;1
8922;62161;1;1
79804;62161;1;0
8912;62161;0;1
12923;62161;1;0
79664;62161;1;0
8908;62161;0;1
8924;62161;1;0
2703;62161;1;0
40083;62161;1;0
63112;62161;1;0
2705;62161;1;0
40074;62161;0;1
54389;62161;1;0
2698;62161;1;0
69531;62161;1;0
22692;62161;1;0
2684;62161;1;0
54365;62161;1;0
111483;62161;0;1
12938;62161;1;0
12930;63112;1;1
12923;63112;1;1
79804;63112;0;1
2705;63112;1;1
12941;63112;0;1
82263;63112;0;1
12934;63112;0;1
2703;63112;1;1
54389;63112;1;1
62161;63112;1;0
2684;63112;1;0
54365;63112;1;0
2698;63112;1;0
12935;63112;0;1
12943;63112;1;0
69531;63112;1;0
54376;63462;1;0
9539;63462;0;1
79486;63462;1;1
40071;63462;1;0
54372;63462;1;1
40069;63462;1;0
40064;63462;1;0
39054;63462;0;1
69637;63462;0;1
85782;67061;0;1
40070;68096;1;1
40068;68096;1;1
8914;68096;1;0
40082;68096;0;1
40074;68096;1;0
8922;68096;0;1
9535;68223;0;1
9537;68223;0;1
116508;69278;0;1
2687;69278;1;1
2686;69278;0;1
2693;69278;1;0
22692;69278;1;1
78976;69278;1;0
54381;69278;1;0
2684;69278;1;0
57200;69278;1;0
12948;69278;1;0
2686;69531;1;1
2682;69531;1;0
12939;69531;1;0
12930;69531;1;1
2684;69531;1;0
12937;69531;1;0
2698;69531;1;1
54393;69531;0;1
2705;69531;1;1
80349;69531;1;1
54365;69531;1;1
22693;69531;1;1
54391;69531;1;0
9542;69531;0;1
60797;69531;1;0
12938;69531;1;0
12932;69531;0;1
12948;69531;1;1
63112;69531;1;0
12925;69531;1;1
12923;69531;1;0
54376;69531;1;0
12935;69531;1;0
12933;69531;0;1
12924;69531;0;1
2703;69531;1;0
8295;69531;1;0
2695;69531;0;1
82797;69531;0;1
62161;69531;1;0
54392;69531;1;0
12936;69531;1;0
70492;69531;0;1
60719;69531;1;0
8924;69531;0;1
54389;69531;1;0
12943;69531;1;0
9539;69637;0;1
63462;69637;0;1
79664;70411;1;1
40083;70411;1;1
8922;70411;1;1
40073;70411;1;0
8924;70411;1;0
40068;70411;0;1
39075;70430;0;1
9537;70430;0;1
54393;70492;1;1
12924;70492;1;1
78976;70492;1;0
12923;70492;1;1
12948;70492;1;1
12932;70492;1;1
2686;70492;1;1
12925;70492;0;1
12929;70492;0;1
69531;70492;0;1
60719;71025;0;1
54370;71025;0;1
12939;71025;1;1
12945;71025;1;1
12924;71126;0;1
12931;71126;0;1
43126;71126;1;0
12929;71126;1;1
12925;71126;1;1
43123;71126;1;0
78976;71126;1;1
54364;71126;1;1
9781;71126;1;0
12948;71126;0;1
12934;71126;0;1
8908;71126;1;0
12932;71126;0;1
40074;71132;1;0
8916;71132;1;0
8909;71132;1;1
40065;71132;0;1
40066;71132;1;1
9780;71132;1;0
8914;71132;1;0
8924;71889;1;1
12930;71889;0;1
8922;71889;0;1
58429;71889;1;0
40074;71889;0;1
8917;71889;0;1
62161;71889;0;1
40083;71889;0;1
8912;71889;1;1
8908;71889;0;1
54377;72190;1;1
54372;72190;0;1
54392;72190;0;1
57200;72190;1;1
54379;72190;0;1
42875;72308;1;1
9542;72308;0;1
42865;72308;0;1
12937;73834;1;1
12925;73834;0;1
82797;73834;1;1
60719;73834;0;1
54379;73834;0;1
54368;73834;0;1
12936;73834;0;1
40083;73991;0;1
2703;73991;0;1
12933;73991;0;1
2686;73991;1;1
12923;73991;0;1
40078;73991;0;1
40068;73991;0;1
8917;73991;0;1
8922;73991;0;1
12934;73991;0;1
8910;73991;0;1
40062;73991;0;1
54388;78542;1;1
12929;78976;1;0
54364;78976;1;1
12925;78976;1;1
12948;78976;1;1
2693;78976;1;0
12924;78976;0;1
71126;78976;1;1
12923;78976;1;1
2687;78976;1;0
69278;78976;1;0
9781;78976;1;1
12934;78976;1;0
54381;78976;1;0
54393;78976;1;0
70492;78976;1;0
12931;78976;0;1
57200;78976;1;0
54384;78976;0;1
12932;78976;0;1
54390;78976;0;1
63462;79486;1;1
54755;79486;0;1
40063;79664;1;1
8924;79664;1;1
40083;79664;1;1
12951;79664;1;0
8912;79664;1;1
40073;79664;1;1
8922;79664;1;1
62161;79664;1;0
70411;79664;1;1
40071;79664;1;0
40069;79664;1;0
58429;79664;0;1
12923;79664;1;0
12931;79804;0;1
12934;79804;0;1
12935;79804;0;1
12923;79804;1;1
54384;79804;0;1
8922;79804;1;1
8910;79804;1;1
2703;79804;1;0
8923;79804;0;1
12921;79804;1;0
8917;79804;1;0
12938;79804;1;0
12930;79804;1;1
63112;79804;0;1
62161;79804;1;0
58364;79804;0;1
22693;80349;0;1
82797;80349;0;1
69531;80349;1;1
12932;80349;0;1
2686;80349;0;1
2697;80349;0;1
2698;80349;0;1
2695;80349;0;1
2705;80349;0;1
60797;80349;1;0
12925;80349;0;1
108863;80349;0;1
12924;80349;0;1
55441;81356;0;1
40067;81356;0;1
40084;81356;0;1
84786;81356;0;1
40073;81356;0;1
8295;81867;0;1
8294;81867;0;1
39053;81867;0;1
12937;81867;0;1
58541;81867;0;1
39047;81867;0;1
58541;82083;0;1
39047;82083;1;1
8294;82083;1;1
54377;82083;0;1
39053;82164;0;1
39051;82164;0;1
12923;82263;1;1
2687;82263;0;1
2705;82263;1;1
2698;82263;1;0
2694;82263;1;0
54365;82263;1;0
54384;82263;0;1
63112;82263;0;1
85782;82797;1;1
73834;82797;1;1
12937;82797;1;1
12925;82797;0;1
80349;82797;0;1
69531;82797;0;1
40071;82823;1;1
40072;82823;1;1
40069;82823;1;1
54372;82823;1;1
54391;82823;1;1
54379;82823;0;1
40064;82823;1;1
8909;82823;0;1
40065;82823;0;1
85782;83349;1;0
42883;83578;0;1
42879;83578;1;1
9536;83578;1;1
42877;83578;0;1
9535;83580;1;1
42875;83580;0;1
9537;83580;1;1
39063;84346;0;1
42872;84346;0;1
39055;84346;0;1
42865;84346;0;1
42873;84346;0;1
40084;84786;0;1
40067;84786;0;1
40073;84786;0;1
81356;84786;0;1
12922;85423;1;1
54386;85423;0;1
12946;85423;0;1
54389;85423;1;0
2695;85423;1;0
2688;85782;1;1
22692;85782;1;1
83349;85782;1;0
82797;85782;1;1
67061;85782;0;1
2688;92805;1;1
22693;92805;0;1
80349;108863;0;1
22695;108863;1;0
12933;108863;0;1
2686;108863;1;0
2703;108863;0;1
8908;111483;0;1
40062;111483;0;1
62161;111483;0;1
8910;111483;0;1
8914;111483;0;1
69278;116508;0;1
2686;116508;0;1
22692;116508;0;1
